proverb_telugu,proverb_english,meaning,keywords,theme,context
సత్యమేవ జయతే నానృతం,Satyameva jayate nanrtam,"Only truth triumphs, not falsehood","Truth, Victory, Dharma",Truth & Honesty,"This proverb is used when someone stays truthful even during difficult situations and eventually succeeds. It highlights that lies may give temporary advantage, but truth always wins in the long run."
ధర్మో రక్షతి రక్షితః,Dharmo raksati raksitah,"Dharma protects those who protect it","Dharma, Righteousness",Dharma & Morality,"This proverb is used when a person follows righteousness and moral values, and those good actions protect them during challenging times. It emphasizes that doing the right thing brings long-term safety and support."
శాంతిః పరమో ధర్మః,Santih paramo dharmah,"Peace and patience are the highest dharma","Peace, Patience",Peace & Patience,"This proverb is used when someone is advised to stay calm and patient instead of reacting with anger. It highlights that peace and self-control are the best ways to handle difficult situations."
న హి జ్ఞానేన సమం పవిత్రమిహ విద్యతే,Na hi jnanena samaṁ pavitramiha vidyate,"Nothing in this world is as pure as knowledge","Knowledge ,Purity",Knowledge & Wisdom,"This proverb is used when emphasizing the importance of knowledge and learning. It suggests that gaining knowledge is the most valuable and pure thing that can guide a person in life."
మిత్రం యథార్థదర్శినం,Mitram yatharthadarsinam,"A true friend is one who shows reality as it is","Friendship,Truthfulness",Truth & Honesty,"This proverb is used when talking about genuine friendship. It highlights that a real friend is someone who tells the truth and helps you see reality, even if it is uncomfortable."
"నిజం నిలుస్తుంది, అబద్ధం నిలవదు","Nijam nilustundi, abaddham nilavadu","Truth always prevails, lies cannot stand long","Truth, Lies, Justice",Truth & Honesty,"This proverb is used when someone is worried about lies or false accusations. It reassures that truth will eventually come out and falsehood cannot last forever."
అబద్ధం చెప్పేవాడిని దేవుడు కూడా కాపాడడు,Abaddham cheppevaadini devudu kuda kaapaadadu,"Even God will not protect a liar","Lies, Punishment, Morality",Truth & Honesty,"This proverb is used to warn someone against lying. It emphasizes that dishonesty leads to consequences and even divine support cannot save a person who constantly lies."
నిజాయితీ ఉన్నవాడికి ఎవరూ శత్రువు కారరు,Nijayiti unnavaadiki evaru shatruvu kaararu,"An honest person earns respect and has no real enemies","Honesty, Respect, Friendship",Truth & Honesty,"This proverb is used when describing the value of honesty. It suggests that a truthful person gains trust and respect, and people generally do not become enemies with such a person."
"అబద్ధం చెప్పి ఒక రోజు గెలిచినా, నిజం చెప్పి ఎల్లప్పుడూ గెలుస్తారు","Abaddham cheppi oka roju gelichina, nijam cheppi ellappudu gelustaru","Lies may win temporarily, but truth wins forever","Truth, Lies, Victory",Truth & Honesty,"This proverb is used when someone succeeds through dishonest means. It highlights that such success is temporary, while truth leads to lasting victory."
"నిజం అన్నం, అబద్ధం విషం","Nijam annam, abaddham visham","Truth is like food, lies are like poison","Honesty, Peace, Conscience",Truth & Honesty,"This proverb is used to explain the importance of truth in life. It compares truth to something essential like food and lies to something harmful like poison, showing their impact on a person’s life."
అబద్ధం చెప్పి వంద పుట్టలు కప్పుకోవాలి,Abaddham cheppi vanda puttalu kappukovali,"A lie requires hundreds of lies to cover it","Lies, Burden, Consequences",Truth & Honesty,"This proverb is used when someone tells a lie and then keeps creating more lies to hide it. It highlights how dishonesty creates complications and becomes difficult to manage over time."
"ఫలితం కోసం కాదు, కర్తవ్యం కోసం పని చెయ్యాలి","Phalitam kosam kaadu, kartavyam kosam pani cheyyaali","Do your duty, without expecting the result","Duty",General Life Wisdom,"This proverb is used when someone is overly focused on results or rewards. It emphasizes that one should focus on doing their duty sincerely rather than worrying about the outcome."
నిజమైన యోగి తన పనిలో సమత ఉన్నవాడు,Nijamainaa yogi tana panilo samata unnavaadu,"A true yogi is balanced in success and failure","Balance",General Life Wisdom,"This proverb is used when advising someone to stay balanced and calm regardless of success or failure. It highlights emotional stability and inner peace."
"అసలైన శక్తి కోపాన్ని, ఆశను జయించడంలో ఉంది","Asalaina shakti kopaanni aashanu jayinchadamlō undi","Real strength is in controlling anger and desire","Self-control",General Life Wisdom,"This proverb is used when someone is unable to control anger or desires. It emphasizes that true strength lies in self-control and discipline."
ఆత్మను ఎవరూ నాశనం చెయ్యలేరు,Aatmanu evaroo naashanam cheyyaleru,"The soul can never be destroyed","Soul",General Life Wisdom,"This proverb is used in philosophical or difficult situations to remind that the inner self or soul is eternal and cannot be harmed."
భక్తితో చేసే పనిలోనే నిజమైన ఫలం ఉంటుంది,Bhaktito chese panilone nijamaina phalam untundi,"Work done with devotion gives true results","Devotion",General Life Wisdom,"This proverb is used when encouraging someone to work with dedication and sincerity. It highlights that true results come from wholehearted effort."
శ్రద్ధ ఉన్నవాడే జ్ఞానం పొందగలడు,Shraddha unnavaade jnanam pondagaladu,"Only the one with faith can gain wisdom","Faith",General Life Wisdom,"This proverb is used when someone lacks focus or dedication in learning. It emphasizes that faith and sincerity are necessary to gain knowledge."
శాంతంగా ఉండే మనసే నిజమైన ఆయుధం,Shaantanga unde manase nijamaina ayudham,"A peaceful mind is the greatest weapon","Peace",Peace & Patience,"This proverb is used when someone is reacting emotionally or angrily. It highlights that calmness and peace are more powerful than aggression."
స్వార్థం లేకుండా చేసే పనిలోనే యోగం ఉంటుంది,Swaartham lekunda chese panilone yogam untundi,"True yoga is in selfless action","Selflessness",General Life Wisdom,"This proverb is used when encouraging selfless service. It emphasizes that true fulfillment comes from actions done without selfish intentions."
జ్ఞానం ఎప్పుడూ మనిషిని పైకి తీసుకెళ్తుంది,Jnanam eppudu manishini paiki teesukeltundi,"Knowledge always uplifts a person","Knowledge",Knowledge & Wisdom,"This proverb is used when highlighting the importance of education and learning. It suggests that knowledge helps a person grow and succeed in life."
"అకలి రుచి ఎరుగదు, నిద్ర సుఖం ఎరుగదు","Akali ruchi yerugadu, nidra sukham yerugadu","We only value things when we experience the need for them","hunger, taste, sleep, comfort, value, experience",General Life Wisdom,"This proverb is used when someone does not value something they have. It highlights that people understand true value only after experiencing lack or need."
డబ్బే దండుగ,Dabbe danduga,"Wealth dominates over everything","money",General Life Wisdom,"This proverb is used when money influences decisions or situations strongly. It highlights the power and impact of wealth in society."
"డబ్బు దొరికితే దోస్తీ ఎక్కువ, దొరకకపోతే శత్రువు","Dabbu dorikite dosti ekkuva dorakakapote shatruvu","Wealth attracts people, poverty exposes true relations","money",General Life Wisdom,"This proverb is used when relationships change based on financial status. It highlights how money attracts people while lack of it reveals true intentions."
అతి వినయం ధూర్త లక్షణం,Ati vinayam dhurta lakshanam,"Excessive obedience may indicate hidden motives","obedience, deception, caution, behavior",Deception & Hypocrisy,"This proverb is used when someone behaves overly humble or submissive. It warns that such behavior may hide manipulation or deceit."
నూరు నోములు ఒక రంకుతో సరి,Nooru nomulu oka rankutho sari,"One bad action can outweigh many good ones","morality, actions, consequences, ethics",Dharma & Morality,"This proverb is used when someone makes a serious mistake after many good deeds. It highlights that one wrong act can damage a good reputation."
కష్ట సమయంలో తోడైన వాడు నిజమైన మిత్రుడు,Kashta samayamlo todayina vaadu nijamainaa mitrudu,"A true friend is the one who stands by you in difficult times, not just in happiness","Friendship,loyalty",Friendship,"This proverb is used to describe true friendship. It emphasizes that real friends support you during tough times, not just during success."
చిన్న పామునైనా పెద్దకర్రతో కొట్టాలి,Chinna pamunaina peddakarratho kottali,"Deal decisively with even small threats","caution, threats, decisiveness, action",General Life Wisdom,"This proverb is used when advising someone to take even small problems seriously. It highlights the importance of handling risks early before they grow bigger."
విందులేని కూడు మందు,Vinduleni koodu mandu,"A meal without enjoyment is like medicine","food, enjoyment, meal, health",General Life Wisdom,"This proverb is used when something is done without joy or interest. It highlights that without enjoyment, even good things feel like a burden."
మనసుంటే మార్గముంటుంది,Manasunte margamuntundi,"Where there is a will, there is a way","determination, willpower, perseverance, solutions",General Life Wisdom,"This proverb is used when motivating someone to not give up. It emphasizes that strong determination can find solutions to any problem."
అతి తక్కువలోనూ ధైర్యం కావాలి,Ati takkuvalonu dhairyamu kavali,"Even in little things, courage is needed","courage, effort, perseverance",Hard Work & Success,"This proverb is used when someone hesitates to take small steps. It highlights that courage is needed even in small actions to move forward."
అరిటాకుపై విందు,Aritaku pai vindu,"Feast on a banana leaf; symbol of celebration","feast, celebration, culture",General Life Wisdom,"This proverb is used to describe a joyful or celebratory occasion. It reflects cultural traditions and happiness in gatherings."
"ఆవు గోడ దాటితే, ఆవు ముద్దు","Aavu goda datite aavu muddu","If a cow crosses the fence, it’s not yours anymore","loss, boundary, ownership",Greed & Loss,"This proverb is used when someone loses something due to carelessness. It highlights the importance of protecting what belongs to you."
ఇల్లు లేక కుక్క భ్రమ,Illu leka kukka bhrama,"A dog without a home is always confused","stability, belonging, confusion",General Life Wisdom,"This proverb is used when someone lacks stability or direction in life. It highlights how not having a secure base or belonging leads to confusion and uncertainty."
ఉప్పు లేని కూర,Uppu leni koora,"Curry without salt; life without essence","balance, necessity, taste",General Life Wisdom,"This proverb is used when something is missing an essential element. It highlights that without key components, even good things lose their value and satisfaction."
కుక్క దొర కబుర్లు,Kukka dora kaburlu,"Dog’s king stories; boasting without substance","boasting, false pride",Truth & Honesty,"This proverb is used when someone talks big without having real substance or achievements. It highlights empty boasting and false pride."
గిన్నె ఉన్నా పిండి లేదు,Ginne unna pindi ledu,"Having a vessel but no flour; resources without essentials","resources, essentials, irony",General Life Wisdom,"This proverb is used when someone has resources but lacks what truly matters. It highlights the irony of having means but missing the essentials to make use of them."
గుడ్ల గూబ పగలు కాంతి తట్టదు,Gudla gooba pagalu kanthi tattadu,"An owl cannot bear daylight; the unfit fail in the wrong environment","adaptability, weakness, environment",General Life Wisdom,"This proverb is used when someone is placed in an unsuitable situation. It highlights that a person may fail not due to lack of ability, but because the environment does not suit them."
చెట్టు వేరు కదలకపోతే నీడ కదలదు,Chetu veru kadalakapote needa kadaladu,"If the root doesn’t move, the shadow won’t move","cause-effect, dependency, foundation",General Life Wisdom,"This proverb is used to explain cause and effect. It highlights that without changing the root cause, outcomes will not change."
చెడ్డవాడు చంపినా మిగిలిపోతాడు,Cheddavadu champina migilipotadu,"Evil remains even after being struck down","evil, persistence, danger",General Life Wisdom,"This proverb is used when bad influences or harmful behaviors persist even after attempts to remove them. It highlights that evil tendencies are hard to eliminate completely."
చింత చెట్టు కింద తుప్పు పడ్డ ఇనుము,Chinta chettu kinda tuppu padda inumu,"Iron rusting under a tamarind tree; influence of environment spoils","influence, environment, decay",General Life Wisdom,"This proverb is used when a person is negatively affected by their surroundings. It highlights how environment can spoil even something strong."
చిన్న గిన్నె పెద్ద శబ్దం,Chinna ginne pedda shabdam,"Small vessel makes more noise; shallow people boast","boasting, pride, smallness",General Life Wisdom,"This proverb is used when someone with little knowledge or ability makes a lot of noise or boasts excessively. It highlights shallow behavior."
"జాగ్రత్త ముప్పై, తొందర ముప్పై","Jagratha muppai, tondara muppai","Care saves thirty, hurry loses thirty","caution, patience, danger",Peace & Patience,"This proverb is used when advising someone to act carefully instead of rushing. It highlights that patience prevents loss and mistakes."
జలపాతం కింద రాయి కదలదు,Jalapatham kinda raayi kadaladu,"Stone under waterfall doesn’t move; strong stands firm","strength, resilience, stability, rock",Truth & Honesty,"This proverb is used when describing strong and stable individuals. It highlights resilience and the ability to remain unaffected by pressure."
నూనెపాకంలో ఈగ పడినట్లు,Noonapakamlō eega padinatlu,"A fly in sweet syrup; one flaw spoils the whole","flaw, imperfection, spoil",General Life Wisdom,"This proverb is used when a small mistake ruins an otherwise good situation. It highlights how even a minor flaw can spoil everything."
ఆరే దీపానికి వెలుగు ఎక్కువ,Are dipaniki velugu ekkuva,"Even a simple lamp can give more light than needed","Lamp, Light, Excess, Simplicity",General Life Wisdom,"This proverb is used when something simple exceeds expectations. It highlights that even small or simple things can have great impact."
లోగుట్టు పెరుమాళ్లకు ఎరుక,Loguttu Perumallaku Eruka,"Even a secret is known to Lord Venkateswara","Secret, God, Knowledge, Awareness",Knowledge & Wisdom,"This proverb is used when referring to hidden truths or secrets. It highlights that nothing remains unknown forever and everything becomes revealed eventually."
మంచం ఉన్నంత వరకు కాళ్లు చాచుకో,Mancamunnanta varaku kallu cacuko,"Stretch your legs only as far as the cot allows","Bed, Legs, Limit, Adjust, Control",General Life Wisdom,"This proverb is used when advising someone to live within their means. It highlights the importance of limits and practical thinking."
పచ్చకామెర్లు వచ్చినవాడికి లోకం అంతా పచ్చగా కనిపించటలుగా,Paccakamerlu vaccina vadiki lokam anta paccaga kanapadinatlu,"For someone with a condition, everything appears the same color","Perception, Bias, World",General Life Wisdom,"This proverb is used when someone’s perception is biased. It highlights that people see the world based on their own mindset or condition."
"పిల్లికి సెలగటము, ఎలుకకు ప్రాణ సంకటము","Pilliki celagatamu, elukaku prana sankatamu","A cat has leisure, a mouse is in danger","Cat, Mouse, Danger, Leisure",General Life Wisdom,"This proverb is used when one person's ease is another person's danger. It highlights differences in perspective and impact."
పిట్ట కొంచెము కూట ఘనము,Pitta koncemu kuta ghanamu,"Small efforts accumulate into something big","Bird, Small, Nest, Gathering",General Life Wisdom,"This proverb is used when encouraging small consistent efforts. It highlights that even small contributions can lead to significant results."
పెరుగుట విరుగుట కోరకె,Peruguta viruguta korake,"Growth or decay depends on actions","Growth, Decay, Effort, Desire",Hard Work & Success,"This proverb is used when explaining that results depend on effort. It highlights that growth or failure is a consequence of one's actions."
పిచ్చోడి చేతిలో రాయిలా,Piccodi cetilo rayila,"Giving responsibility to an incapable person is useless","Madman, Futility",General Life Wisdom,"This proverb is used when something valuable is given to someone who cannot handle it. It highlights the futility of trusting incapable people."
"పుణ్యం కొద్ది పురుషుడు, దానం కొద్ది బిడ్డలు","Punyam koddi purusudu, danam koddi biddalu","A person's actions influence the next generation","Virtue, Charity, Children",General Life Wisdom,"This proverb is used when discussing how one's actions affect future generations. It highlights the impact of values and deeds on children."
తంటే గారెల బుట్టలో పడ్డట్టు,Tante garela buttalo paddattu,"Sometimes harm results in benefit","Unexpected Benefit",General Life Wisdom,"This proverb is used when something intended to cause harm unexpectedly turns into a benefit. It highlights that negative situations can sometimes lead to positive outcomes."
తాడి తనను వాని తల తనను వాడు ఉండును,Tadi tannu vani tala tannu vadu undunu,"Remain humble despite success","Humility, Competition",General Life Wisdom,"This proverb is used when someone becomes arrogant after success. It reminds that there are always people greater than us and one should remain humble."
తాటకు కప్పుల్లకు కుందెలు బెదరవు,Tataku cappullaku kundellu bedaravu,"Strong people don’t fear empty threats","Courage",General Life Wisdom,"This proverb is used when someone is intimidated by weak or meaningless threats. It highlights that strong and capable people are not affected by such things."
కిడెంచి మేలు ఎంచమన్నరు,Kidenci melencamannaru,"Think about problems before benefits","Caution",General Life Wisdom,"This proverb is used when advising someone to plan carefully. It emphasizes considering risks before focusing on gains."
"కాలం కలిసీ రాకపోతే, కర్రే పామై కాటు వేస్తుంది","Kalam kalisi raka pote karre pamai katu vestundi","Bad timing turns simple things dangerous","Time, Danger",General Life Wisdom,"This proverb is used when things go wrong due to bad timing. It highlights that even small issues can become serious if circumstances are unfavorable."
కలిమి లేములు కవడి కుందలు,Kalimi lemulu kavadi kundalu,"Life has both ups and downs","Balance",General Life Wisdom,"This proverb is used when someone faces both good and bad situations. It highlights that life always has a mix of happiness and difficulties."
గుడ్డిలో మెల్ల,Guddilo mella,"A smaller problem is better than a bigger one","Optimism",General Life Wisdom,"This proverb is used when comparing two situations. It highlights that even a small advantage is better than a worse condition."
ఇల్లు అలకగానే పండుగ?,Illu alakagane panduga?,"Preparation requires multiple steps","Preparation",General Life Wisdom,"This proverb is used when someone assumes a task is complete with minimal effort. It highlights that proper preparation involves multiple steps."
"గుడిని, గుడిలో లింగాన్ని మింగేవాడు","Gudini gudilo linganni mingevadu","Extreme greed ignores limits","Greed",Dharma & Morality,"This proverb is used when someone becomes excessively greedy. It highlights that greed makes people lose moral boundaries."
ముంజేటి కంకణముకు అద్దం ఎందుకు?,Munjeti kankanamuku addamu enduku?,"No need to explain the obvious","Obvious",General Life Wisdom,"This proverb is used when something is already clear. It highlights that obvious things don’t require explanation."
పులిని చుసి నక్క వాతం పెట్టుకున్నట్లు,Pulini cusi nakka vata bettukunnatlu,"Imitating great people leads to failure","Imitation",Effort vs Imitation,"This proverb is used when someone imitates others without real ability. It highlights that copying greatness without substance leads to embarrassment."
నిజం ఆలస్యంగా వస్తుంది కానీ నిలుస్తుంది,Nijam alasyanga vastundi kaani nilustundi,"Truth may be delayed but lasts","Truth",Truth & Honesty,"This proverb is used when truth takes time to come out. It highlights that truth may be slow but it remains permanent."
నిజాయితీ మణిహారం,Nijayiti maniharam,"Honesty is precious","Honesty",Truth & Honesty,"This proverb is used to describe the value of honesty. It highlights that honesty is a valuable quality that enhances a person’s character."
అబద్ధం పైపై బలహీనత,Abaddham paipai balahinata,"Lies are weak and shallow","Lies",Truth & Honesty,"This proverb is used when someone depends on lies. It highlights that lies are fragile and cannot sustain for long."
అరచిన అరటి వేరు పది కొమ్మలు పుట్టదు,Arachina arati veru padi kommalu puttadu,"Shouting doesn’t create results","Effort",Hard Work & Success,"This proverb is used when someone expects results without proper effort. It highlights that noise or complaints alone don’t produce outcomes."
చెమటతో చెల్లిన అన్నం మధురం,Chematato chellina annam madhuram,"Hard-earned food tastes sweeter","Hard work",Hard Work & Success,"This proverb is used when emphasizing the value of hard work. It highlights that effort makes results more satisfying."
కష్టానికి కర్మఫలం తప్పదు,Kashtaniki karma phalam tappadu,"Hard work always pays off","Effort",Hard Work & Success,"This proverb is used when encouraging effort. It highlights that hard work eventually brings results."
పనిలేని వాడికి పిచ్చి ఎక్కువ,Panileni vadiki pichi ekkuva,"Idle people develop problems","Idleness",General Life Wisdom,"This proverb is used when someone is lazy. It highlights that lack of work leads to unnecessary thoughts and trouble."
గాలి గాలి లా తిరిగే వాడికి స్థిరం ఉండదు,Gaali gaali laa tirige vadiki sthiram undadu,"Restless people achieve nothing","Focus",General Life Wisdom,"This proverb is used when someone lacks focus. It highlights that instability prevents success."
కష్టంతో పొందిన సంపద నిలుస్తుంది,Kashtanto pondina sampada nilustundi,"Hard-earned wealth lasts","Wealth",Hard Work & Success,"This proverb is used when comparing earned vs easy wealth. It highlights that effort-based success is stable."
కష్టం చెమట కడిగిన వజ్రం,Kashtam chemata kadigina vajram,"Hardship creates strength","Hardship",General Life Wisdom,"This proverb is used when someone faces struggles. It highlights that difficulties shape strong individuals."
ఓపిక ఉంటే పండు తియ్యగా ఉంటుంది,Opika unte pandu tiyyaga untundi,"Patience gives better results","Patience",Peace & Patience,"This proverb is used when someone is impatient. It highlights that waiting leads to better outcomes."
కష్టాలు మనిషిని తయారు చేస్తాయి,Kashtalu manishini tayaru chestayi,"Hardships build character","Hardship",General Life Wisdom,"This proverb is used when someone is struggling. It highlights that challenges shape personality."
రాత్రంతా చదివినవాడే ఉత్తీర్ణుడవుతాడు,Ratranta chadivina vaade uttirnuduavutadu,"Effort leads to success","Study",Hard Work & Success,"This proverb is used when motivating students. It highlights that hard work leads to achievement."
చెట్టు విత్తి పండు దక్కించుకోవాలి,Chetu vitti pandu dakkinchukovali,"Effort leads to reward","Effort",Hard Work & Success,"This proverb is used when someone expects results without effort. It highlights the need to work before expecting rewards."
కష్టం లేక దొరికిన సంపద నిలవదు,Kashtam leka dorikina sampada nilavadu,"Easy wealth doesn’t last","Wealth",Hard Work & Success,"This proverb is used when someone gains without effort. It highlights that such gains are temporary."
"తెలివి తక్కువైతే, తల నొప్పి ఎక్కువ","Telivi takkuvaite, tala noppi ekkuva","Less wisdom brings more trouble","wisdom, foolishness, consequences",Knowledge & Wisdom,"This proverb is used when someone acts without thinking or lacks understanding. It highlights that lack of wisdom leads to unnecessary problems and complications."
తన వూరి మోసగాడు తనకి కనిపించడు,Tana voori mosagadu tanaki kanipinchadu,"A deceiver in one’s own place goes unnoticed","deception, ignorance, awareness",Deception & Hypocrisy,"This proverb is used when people fail to recognize wrongdoing close to them. It highlights how familiarity can blind people to deception."
పుస్తకమే గురువు,Pustakame guruvu,"Books are the best teachers","knowledge, books, learning",Knowledge & Wisdom,"This proverb is used when emphasizing the importance of self-learning. It highlights that books can guide and teach a person throughout life."
పక్షి ఎగిరే దిశే చెట్టు చూపిస్తుంది,Pakshi egire dishe chettu choopistundi,"One’s direction shows their nature","nature, direction, destiny",General Life Wisdom,"This proverb is used when judging a person by their actions or path. It highlights that a person’s direction in life reveals their true nature."
కొక్కెం పిట్టకు కోడి పోరా,Kokkem pitta ku kodi pora,"Even a small bird will fight back when cornered","self-defense",General Life Wisdom,"This proverb is used when someone is pushed too far. It highlights that even weak individuals will resist when they have no other option."
ఆవుపాలు తాగిన పిల్లి నోరు తుడుచుకుంటుంది,Aavupalu tagina pilli noru tuduchukuntundi,"A guilty person tries to hide their guilt","guilt",General Life Wisdom,"This proverb is used when someone tries to act innocent after doing something wrong. It highlights how guilty people attempt to hide their actions."
దొంగకు దొంగ చెవిలో వార్త,Dongaku donga chevilō vaartha,"Secrets spread fast among the guilty","rumors",General Life Wisdom,"This proverb is used when information spreads quickly among wrongdoers. It highlights how people involved in wrongdoing stay connected and informed."
నాయన బిడ్డనికన్నా పొరుగు బిడ్డ బాగుంటుంది,Naayana biddanikanna porugu bidda baaguntundi,"Others’ possessions always seem better","jealousy, comparison",Effort vs Imitation,"This proverb is used when people compare themselves with others. It highlights human tendency to value others’ things more than their own."
అరిచే వాడికే అన్నం ఎక్కువ,Ariche vadike annam ekkuva,"The one who demands loudly gets more","demand, loudness, attention",General Life Wisdom,"This proverb is used when someone gains more by being vocal or demanding. It highlights how assertiveness can sometimes bring advantage."
ఎద్దు మీద వేసిన బరువు ఎద్దే మోస్తుంది,Eddumeeda vesina baruvu edde mostundi,"Responsibilities fall on the strong","responsibility, strength",General Life Wisdom,"This proverb is used when strong or capable people are given more responsibilities. It highlights how burden often falls on those who can handle it."
ఒంటికే వేరే కష్టం,Ontike vere kashtam,"Being alone makes life harder","loneliness, hardship",General Life Wisdom,"This proverb is used when someone faces struggles alone. It highlights the difficulties of handling life without support."
కత్తి ధారం రెండు వైపులా కోస్తుంది,Katti dhaaram rendu vaipula kostundi,"A double-edged sword; every decision has risks","risk, caution",General Life Wisdom,"This proverb is used when a decision has both positive and negative consequences. It highlights the need to think carefully before acting."
చిత్తడి గోడకు సీసా వర్ణం వేసినా కట్టదు,Chittadi godaku seesa varnam vesina kattadu,"Painting a weak wall doesn’t make it strong","useless effort, weakness, pretence",Hard Work & Success,"This proverb is used when someone tries to fix a weak foundation with superficial effort. It highlights that real strength cannot be built through appearance alone."
కోట్ల పొలం కోతికి కట్టించకు,Kotla polam kotiki kattinchaku,"Don’t entrust precious work to the wrong person","trust, responsibility, wrong choice",General Life Wisdom,"This proverb is used when someone assigns important work to an incapable person. It highlights the risks of poor judgment in trust."
చేతికి రాని మామిడి పులుపు,Chetiki rani maamidi pulupu,"Sour grapes; belittling what you can’t have","jealousy, denial",General Life Wisdom,"This proverb is used when someone criticizes something they cannot achieve. It highlights human tendency to devalue what is out of reach."
ఎద్దు బలహీనమైతే ఎలుకలు కూడా తొక్కుతాయి,Eddubalahinamaithe elukalu kooda tokutayi,"When strong fall, even weak attack","weakness",General Life Wisdom,"This proverb is used when powerful people lose strength. It highlights how others take advantage of weakness."
వానలో కప్పలు కూస్తే పంట రాదు,Vaanalo kappalu koosite panta raadu,"Noise doesn’t give results","action vs noise",General Life Wisdom,"This proverb is used when people talk a lot without doing actual work. It highlights that results come from action, not noise."
తన వాసన వాడు దాచుకోలేడు,Tana vaasana vaadu daachukolēdu,"One’s nature can’t be hidden","true nature",General Life Wisdom,"This proverb is used when someone tries to hide their true character. It highlights that real nature eventually reveals itself."
కలువ పూసినచోటే తేనెటీగలు వస్తాయి,Kaluva poosinachote tenetigalu vastayi,"Success attracts attention","success",Hard Work & Success,"This proverb is used when successful people gain attention and followers. It highlights that achievement naturally draws recognition."
అతి లోభి ఎప్పుడూ ఖాళీగా ఉంటాడు,Ati lobhi eppudu khaaliga untadu,"Greedy person always ends empty","greed",Greed & Loss,"This proverb is used when someone is excessively greedy. It highlights that greed ultimately leads to loss instead of gain."
మంచి మాట ముత్యమువంటి ది,Manchi maata mutyamuvanti di,"Good words are like pearls","Kindness",General Life Wisdom,"This proverb is used when emphasizing the value of kind and thoughtful speech. It highlights that good words are precious and can positively impact others."
"తింటే తీపి తినాలి, మాట్లాడితే మధురంగా మాట్లాడాలి","Tinte teepi tinnaali maatladite madhuranga maatladaali","Sweet in food and words","Sweetness",General Life Wisdom,"This proverb is used when advising someone to be pleasant in both actions and speech. It highlights that sweetness in behavior and communication creates harmony."
ఒకే మేకపోతు రెండు గడ్డలు తినదు,Oke mekapotu rendu gaddalu tinadu,"Cannot enjoy everything at once","Limit",General Life Wisdom,"This proverb is used when someone tries to gain everything at once. It highlights that one must make choices and cannot enjoy all opportunities simultaneously."
నక్కకు తోక తగలదు,Nakkaku toka tagaladu,"Weak cannot become strong","Limitations",Effort vs Imitation,"This proverb is used when someone tries to act beyond their capability. It highlights natural limitations and the importance of understanding one’s capacity."
బలవంతుడి చెయ్యి బలహీనుడి తలపై,Balavantudi cheyyi balahenudi talapai,"Strong dominates weak","Power",General Life Wisdom,"This proverb is used when power imbalance is evident. It highlights how stronger individuals often control or dominate weaker ones."
ఒక గింజతో ఒక పొలము పండదు,Oka ginjatho oka polamu pandadu,"One effort is not enough for big success","Effort",Hard Work & Success,"This proverb is used when someone expects large results from minimal effort. It highlights the need for consistent and sufficient work."
పిల్లగాలి ఊదితే దీపం ఆరిపోదు,Pillagaali oodite deepam aaripodu,"Small troubles don’t matter","Strength",General Life Wisdom,"This proverb is used when minor problems occur. It highlights that small disturbances cannot affect strong systems or determined people."
వేరేరు వేసిన చెట్టు బలంగా ఉంటుంది,Vereru vesina chettu balanga untundi,"Strong roots give strength","Foundation",General Life Wisdom,"This proverb is used when emphasizing the importance of a strong foundation. It highlights that stability and growth come from strong beginnings."
కత్తి మీద ముంతి నాటకూడదు,Katti meeda munti naatakoodadu,"Don’t play with danger","Caution",General Life Wisdom,"This proverb is used when warning someone about risky actions. It highlights the dangers of careless behavior."
ఎద్దు లేక పంట రాదు,Eddulēka panta raadu,"No effort means no result","Hard work",Hard Work & Success,"This proverb is used when someone expects results without effort. It highlights that work is essential for success."
ఇల్లు అలకగానే పండుగ,Illu alakagane pandaga,"A decorated home feels like a celebration","House",General Life Wisdom,"This proverb is used when describing joy in simple preparations. It highlights that small efforts can create a festive atmosphere."
రౌతు కొద్దీ గుర్రం,Routhu koddhee gurramu,"Strength depends on authority","Authority, Status",General Life Wisdom,"This proverb is used when someone's power comes from their position. It highlights how authority influences strength."
వెర్రి వేయ్యి విధాలు,Verri veyyi vidhaalu,"A clever person finds many ways","Clever, Cunning",General Life Wisdom,"This proverb is used when someone finds creative or tricky solutions. It highlights intelligence and resourcefulness."
ఎద్దు పండు కాకికి ముద్ద,Eddu pundu kaakiki muddu,"Value is wasted on the unworthy","Unworthy",General Life Wisdom,"This proverb is used when something valuable is given to someone who cannot appreciate it. It highlights misuse of value."
"పరిగెత్తి పాలు తాగే కంటే, నిలబడి నీళ్లు తాగడం మేలు","Parigetti paalu taagae kante nilabadi neellu thaagadam melu","Better to be steady than rushed","Patience",General Life Wisdom,"This proverb is used when advising against rushing. It highlights that steady and careful actions are better than risky speed."
పెనుకు పెట్టనమిస్తే తల అంతా కోరికిందట,Penuku pettanamiste tala anta korikindata,"Improper use increases desire","Desire",Greed & Loss,"This proverb is used when something is not handled properly. It highlights how misuse leads to frustration and increasing desire."
“పిచ్చుక చేతిలో బ్రహ్మాస్త్రం,Pichhuka chetilo brahmaastram,"Powerful tools in wrong hands cause danger","Fool, Power",General Life Wisdom,"This proverb is used when something important is given to an incapable person. It highlights the risks of misplacing responsibility."
పిండి కొద్దే రొట్టీ,Pindi koddee rotti,"Output depends on input","Result",General Life Wisdom,"This proverb is used when results are proportional to effort. It highlights that small input leads to small output."
గుడ్డు వచ్చి పిల్లను వెక్కిరించినట్లే,Guddu vachhi pillanu vekkirinchinatlu,"Unexpected events create confusion","Unexpected",General Life Wisdom,"This proverb is used when sudden or unusual situations arise. It highlights confusion caused by unexpected changes."
"గుడిని, గుడిలో లింగాన్ని మింగేవాడు","Gudini gudilo linganni mingevaadu","Greed leads to downfall","Greed",Greed & Loss,"This proverb is used when someone tries to take everything without limits. It highlights how excessive greed leads to failure."
అన్నపు చోరవే కానీ అక్షరపు చోరవ లేదు,Annappu choravee gaani aksharapu chorava ledu,"Knowledge cannot be stolen","Knowledge",General Life Wisdom,"This proverb is used when emphasizing the value of education. It highlights that knowledge is permanent and cannot be taken away."
అప్పు చేసి పప్పు కూడు,Appu chesi pappu koodu,"Borrowing brings future burden","Borrow, Debt",General Life Wisdom,"This proverb is used when someone depends on borrowing or external help. It highlights that nothing comes free and every favor or loan must be repaid later."
చచ్చినవాని కన్న్లు చారెదేసి,Chachhinavaani kandlu chaaredesi,"Regret after loss is useless","regret",General Life Wisdom,"This proverb is used when someone regrets after losing something. It highlights that once something is gone, complaining or grieving will not bring it back."
అడుగు ముందేసిన ధైర్యానికి దారులు తెరుచుకుంటాయి,Adugu mundesina dhairyam dārulu teruchukuntāyi,"Courage opens new paths","courage, opportunity",General Life Wisdom,"This proverb is used when encouraging someone to take the first step. It highlights that bold actions create new opportunities."
అదనం లేక పొదుపు రావు,Adanam leka podupu raavu,"Savings require discipline","savings",General Life Wisdom,"This proverb is used when advising financial discipline. It highlights that without saving habits, wealth cannot be maintained."
అన్నం పెట్టి పెంచినవాడి విలువ పెద్దది,Annam petti penchinavāḍi viluva peddadi,"One who feeds you deserves respect","gratitude",General Life Wisdom,"This proverb is used when expressing gratitude. It highlights that those who support and nurture us deserve respect and value."
అమ్మ మాట అమృతం,Amma maata amrutam,"Mother’s words are precious","mother, advice",General Life Wisdom,"This proverb is used when valuing a mother’s guidance. It highlights that a mother’s advice is pure and beneficial."
అయ్యాలు ఉన్నా అయిష్టం పో,Ayyaalu unna ayishtam podu,"Resources don’t remove dislike","dislike",General Life Wisdom,"This proverb is used when someone assumes money or resources solve everything. It highlights that personal feelings and dislikes cannot be changed by wealth."
అయ్యో అన్నాక చెల్లు పెట్టలేం,Ayyo annāka chellu pettalēm,"Regret cannot fix mistakes","regret",General Life Wisdom,"This proverb is used after a mistake is made. It highlights that regret alone cannot undo actions."
అవసరం లేని చోట మాట అవసరం లేదు,Avasaram leeni chota maata avasaram ledu,"Unnecessary talk is harmful","silence",Knowledge & Wisdom,"This proverb is used when someone speaks unnecessarily. It highlights the importance of silence and thoughtful communication."
ఆలోచించి చేసిన పనికి నష్టం లేదు,Aalochinchi chesina paniki nashtam ledu,"Thinking prevents loss","planning",Knowledge & Wisdom,"This proverb is used when advising careful thinking. It highlights that planning before action avoids mistakes."
ఆశ గుండెల్లో ఆవుపాలు ఉడుకుతాయి,Aasha gundello aavupaalu udukutaayi,"Excess hope causes stress","desire",Peace & Patience,"This proverb is used when someone has unrealistic expectations. It highlights that too much hope can lead to frustration."
ఇంట్లో ఎలుకలుంటే గిన్నె రోళ్లు చేస్తుంది,Intlo elukalunte ginne rollu chestundi,"Problems expose weakness","weakness",General Life Wisdom,"This proverb is used when issues reveal hidden flaws. It highlights how trouble exposes weaknesses."
ఇంటి మంట ఇంట్లోనే ఆర్పాలి,Inti manta intlonē ārpāli,"Solve family issues internally","family",General Life Wisdom,"This proverb is used when dealing with personal or family problems. It highlights that such issues should be resolved privately."
ఇబ్బంది వచ్చినప్పుడే మంచి చెడ్డ తెలిసిపోతుంది,Ibbandi vachinappuḍe manchi chedda telisipotundi,"Hard times reveal true people","loyalty",Truth & Honesty,"This proverb is used during difficult situations. It highlights that true character and relationships are revealed in tough times."
ఉదయం పడుయుండి భవిష్యత్తు చూడలేం,Udayam padu yundi bhavishyattu chudalēm,"Laziness ruins future","laziness",General Life Wisdom,"This proverb is used when someone avoids effort. It highlights that laziness prevents future success."
ఉదయం లేచినవాడికే ఉదయం సూర్యుడు కనిపిస్తాడు,Udayam lechina vaadike suryudu kanipistadu,"Active people see opportunities","opportunity",Hard Work & Success,"This proverb is used when motivating discipline and early effort. It highlights that opportunities favor the active."
ఊరు మారితే ఊసులు మారవు,Uuru maarite uusulu maaravu,"Gossip follows everywhere","gossip",General Life Wisdom,"This proverb is used when someone tries to escape reputation. It highlights that gossip and talk follow wherever you go."
ఒక అక్షరం నేర్పితే గురువు అవుతాడు,Oka aksharam nerpite guruvu avutāḍu,"Teaching makes one a teacher","teacher",Knowledge & Wisdom,"This proverb is used when appreciating teaching. It highlights that sharing knowledge defines a teacher."
ఒంటరివాని ఆలోచనే ఆయుధం,Ontarivaani aalochanē āyudham,"Thinking is strength for the lonely","thinking",General Life Wisdom,"This proverb is used when someone is alone. It highlights that intelligence and thinking become their strength."
ఒంచెం తప్పు ఉంటే పని నిండదు,Onchem tappu unte pani nindadu,"Small mistakes spoil work","precision",General Life Wisdom,"This proverb is used when emphasizing quality. It highlights that even small errors can affect the final result."
కడుపుకి అన్నం కంటే మనసుకి మాట ముఖ్యం,Kadupuki annam kante manasuki maata mukhyam,"Words nourish more than food","kindness",General Life Wisdom,"This proverb is used when emphasizing emotional support. It highlights that kind words are more valuable than material help."
కష్టాలు కోరికలను తీర్చుతాయి,Kashtalu korikalanu teerchutayi,"Struggles fulfill desires","struggle",General Life Wisdom,"This proverb is used when someone works hard toward goals. It highlights that effort and struggle lead to fulfillment."
కత్తికి కోపం లేదు; చేతికి కోపం ఉంది,Kattiki kopam ledu; chetiki kopam undi,"Problems come from people not tools","responsibility",General Life Wisdom,"This proverb is used when blaming tools or situations. It highlights that human actions are the real cause."
కాపు కాస్తే పంట రక్షణ,Kaapu kaaste panta rakshana,"Protection ensures safety","protection",General Life Wisdom,"This proverb is used when emphasizing precaution. It highlights that care and protection prevent loss."
కాళ్లు మోపని దారికి దుమ్ము తగలదు,Kaallu mopani daariki dummu tagaladu,"No action gives no result","effort",Hard Work & Success,"This proverb is used when someone avoids effort. It highlights that progress requires action."
కాలు జారి పడ్డా తప్పు మనదే,Kaalu jaari padda tappu manade,"Mistakes are our responsibility","responsibility",General Life Wisdom,"This proverb is used when accepting failure. It highlights personal accountability."
కావాలి అంటే మెల్లగా అడగాలి,Kaavaali ante mellaga adagāli,"Ask politely to get results","humility",General Life Wisdom,"This proverb is used when requesting something. It highlights the importance of politeness."
అరిచే కుక్క కాటేయదు,Ariche kukka kaateyadu,"Barking dog doesn’t bite","threat",General Life Wisdom,"This proverb is used when someone makes loud threats. It highlights that such people often lack real action."
అతి మిఠాయి కూడా చెడిపోతుంది,Ati mithaayi kooda chedipotundi,"Too much sweetness becomes bad","excess",General Life Wisdom,"This proverb is used when something is overdone or excessive. It highlights that even good things can become harmful if not kept in balance."
అగ్ని లేకపోతే పొగ రాదు,Agni lekapote poga raadu,"No smoke without fire","cause, truth",Truth & Honesty,"This proverb is used when there is a rumor or suspicion. It highlights that there is usually some truth behind every situation or claim."
ఆకు కదలకపోతే గాలి రాదు,Aaku kadalakapote gaali raadu,"Leaves won’t move without wind","cause-effect",General Life Wisdom,"This proverb is used to explain that every effect has a cause. It highlights that nothing happens without a reason."
ఇసుకలో గింజ పడితే మొలకెత్తదు,Isukalo ginja padite molakettadu,"A seed in sand won’t sprout","environment, growth",General Life Wisdom,"This proverb is used when conditions are unsuitable for growth. It highlights the importance of the right environment for success."
ఉప్పు ఎక్కువైతే పులుసు పాడవుతుంది,Uppu ekkuvaite pulusu paadavutundi,"Too much salt spoils the curry","moderation, balance",General Life Wisdom,"This proverb is used when something exceeds the right limit. It highlights that excess can ruin even good things."
ఒక చుక్క నీళ్ళతో దాహం తీరదు,Oka chukka neellatho daaham teeradu,"One drop of water won’t quench thirst","effort, insufficiency",Hard Work & Success,"This proverb is used when effort is too small to achieve results. It highlights that meaningful outcomes require sufficient input."
ఒంటె మీద బండారం బరువు కాదు,Onte meeda bandaaram baruvu kaadu,"Treasure isn’t a burden for a camel","capability, strength",General Life Wisdom,"This proverb is used when a capable person handles heavy responsibility easily. It highlights strength and ability."
కత్తికి పదును పెడితేనే కోయగలదు,Kattiki padunu pediteyne koyagaladu,"A knife cuts only if sharpened","skill, preparation",General Life Wisdom,"This proverb is used when emphasizing preparation. It highlights that skills must be developed before expecting results."
కాయ వేయక మొక్క పెరగదు,Kaaya veyaka mokka peragadu,"A plant won’t grow unless you sow","effort, beginnings",Hard Work & Success,"This proverb is used when someone expects results without starting effort. It highlights that beginnings are necessary for growth."
కాలు ముందుకు వేయక ముందుకు రాదు,Kaalu munduku veyaka munduku raadu,"Without stepping forward, you can’t progress","progress, action",General Life Wisdom,"This proverb is used when someone hesitates to act. It highlights that progress requires taking initiative."
కూలి కష్టం కాని అన్నం తీపి,Kooli kashtam kaani annam teepi,"Hard-earned food tastes sweet","reward, effort",Hard Work & Success,"This proverb is used when emphasizing the value of effort. It highlights that hard-earned success is more satisfying."
గురువు చెప్పినా శిష్యుడు నేర్చాలి,Guruvu cheppinaa shishyudu nerchali,"Student must learn even if teacher teaches","learning, responsibility",Knowledge & Wisdom,"This proverb is used when stressing personal responsibility in learning. It highlights that teaching alone is not enough; one must actively learn."
గుట్టలో దాగిన నిజం బయటపడుతుంది,Guttalo daagina nijam bayatapadutundi,"Hidden truth eventually comes out","truth, revelation",Truth & Honesty,"This proverb is used when truth is hidden. It highlights that truth will eventually be revealed."
అతి వినయం ధూర్త లక్షణం,Ati vinayam dhoorta lakshanam,"Excess humility indicates cunning","cunning",General Life Wisdom,"This proverb is used when someone behaves overly humble. It warns that such behavior may hide deceitful intentions."
"ఇల్లు కట్టి చూడు, పెళ్లి చేసి చూడు","Illu katti choodu, pelli chesi choodu","Big responsibilities reveal real challenges","responsibility, life",General Life Wisdom,"This proverb is used when describing life responsibilities. It highlights that real challenges are understood only through experience."
అడగందే అమ్మా అన్నం పెట్టదు,Adagandhey amma annam pettadu,"Even mother won’t serve without asking","request, initiative",General Life Wisdom,"This proverb is used when someone expects things without asking. It highlights that one must express needs to receive help."
"కాలం కలిసి రాకపోతే, కర్రే పామై కాటు వేస్తుంది","Kaalam kalisi raakapotey karre paamai kaatu vestundi","Bad timing makes things worse","timing, misfortune",General Life Wisdom,"This proverb is used when situations worsen due to bad timing. It highlights how unfavorable time can turn simple matters into problems."
"ఆవు చేనులో మేస్తే, దూడ గట్టున మేస్తుందా?","Aavu chenulo mesthe dooda gattuna mesthundhaa?","Effort must match the target","misplaced effort",Hard Work & Success,"This proverb is used when effort is applied incorrectly. It highlights that actions must align with goals."
పిచ్చుక మీద బ్రహ్మాస్త్రం,Pichchuka meedha brahmaastram,"Using extreme force unnecessarily","overreaction",General Life Wisdom,"This proverb is used when someone overreacts to small issues. It highlights unnecessary exaggeration."
"అసలుకు మోసం లేదు, వడ్డీకి మోసం లేదు","Asaluku mosam ledu vaddiki mosam ledu","Debt must be repaid fully","debt",General Life Wisdom,"This proverb is used when discussing obligations. It highlights that both principal and consequences must be fulfilled."
"గుడి దగ్గర దొంగలు, గోరు దగ్గర ఈగలు","Gudi daggara dongalu goru daggara eegalu","Wrongdoers gather where opportunity exists","temptation",General Life Wisdom,"This proverb is used when people gather where there is opportunity to exploit. It highlights human tendency toward temptation."
తోక తెగిన కోతిలా,Thoka tegina kothilaa,"Like a monkey without a tail","embarrassment",Greed & Loss,"This proverb is used when someone is in an awkward or embarrassing situation. It highlights discomfort and loss of dignity."
తాడిని తన్నే వాని తల తన్నే వాడు ఇంకొకడుండును,There is always someone stronger,Stronger people exist beyond you,"bigger, stronger person",General Life Wisdom,"This proverb is used when someone becomes overconfident about their power. It highlights that no matter how strong a person is, there is always someone stronger."
మాట మంచిదైతే మలయమారుతం,Maata manchidaite malayamarutam,"Good words feel like a gentle breeze","kindness, speech",General Life Wisdom,"This proverb is used when emphasizing kind speech. It highlights that good words bring comfort and positivity."
అరచేతిలో వైకుంఠం చూపినట్లు,Arachethilo vaikuntam choopinatlugaa,"Showing heaven in the palm","exaggeration",General Life Wisdom,"This proverb is used when someone exaggerates unrealistically. It highlights false promises and overstatements."
"వడ్డీకి వడ్డీ, గడ్డీకి గడ్డి","Vaddiki vaddi, gaddiki gaddi","Everyone gets their due","natural share",General Life Wisdom,"This proverb is used when outcomes are distributed fairly. It highlights that everyone eventually receives what belongs to them."
ఎలుక తోలు తెచ్చి ఏడేండ్లు ఉతికినా నలుపు నలుపే గాని తెలుపు కాదు,Eluka tholu techhi edendlu utikinaa nalupu nalupé gaani telupu kaadu,"Nature cannot be changed","unchangeable nature",General Life Wisdom,"This proverb is used when someone tries to change inherent traits. It highlights that basic nature remains the same."
కుడి ఎడమైతే పోయేది లేదు,Kudi edamaitey poyedi ledu,"Luck keeps things safe","luck",Hard Work & Success,"This proverb is used when things go smoothly due to good fortune. It highlights the role of luck in success."
అత్త సొమ్ము అల్లుడు దానము చేసినట్లు,Attha sommu alludu daanam chesinatlu,"Spending others' resources","false generosity",Truth & Honesty,"This proverb is used when someone acts generous using others’ money. It highlights false generosity."
"పాలు పొంగినా, కన్నీరు పొంగినా కిందకే","Paalu ponginaa kanneeru ponginaa kindake","Same outcome for all","inevitable outcome",General Life Wisdom,"This proverb is used when outcomes are unavoidable. It highlights that all people face similar consequences in life."
చేతికి అందిన మామిడి పులుపు,Chethiki andina maamidi pulupu,"What you have feels less valuable","taken for granted",General Life Wisdom,"This proverb is used when someone undervalues what they already have. It highlights human tendency to take things for granted."
"ఆవు గోడ దాటితే, ఆవు ముద్దు","Aavu goda daatithe aavu muddu","Success hides mistakes","success perception",Hard Work & Success,"This proverb is used when success changes perception. It highlights how people overlook mistakes when someone succeeds."
అల్లరిచేస్తే అదృష్టం పోదు,Allari chesté adrushtam pōdu,"Luck stays despite behavior","luck",General Life Wisdom,"This proverb is used when someone behaves poorly but still succeeds. It highlights that luck sometimes overrides behavior."
నిప్పులో ఉన్న కొయ్య కాలదు,Nippulo unna koyya kaaladu,"Exposure leads to consequence","inevitable result",General Life Wisdom,"This proverb is used when something is bound to happen due to conditions. It highlights inevitable outcomes."
"వచ్చిన వాడు గొప్పవాడు, లేని వాడు చిన్నవాడు","Vachhina vaadu goppavaadu leni vaadu chinnavaadu","Presence matters","participation",General Life Wisdom,"This proverb is used when showing up is important. It highlights that participation gives value."
"రాజ్యాలకు రాజు, వంటకు మంట","Raajyaalaku raaju vantaku manta","Everything has its role","purpose",General Life Wisdom,"This proverb is used when assigning roles. It highlights that everything has its appropriate place and function."
"కోరికలు గుఱ్ఱాలు, బుద్ధి కళ్లెం","Korikalu gurraalu buddhi kallem","Wisdom controls desires","self-control",Knowledge & Wisdom,"This proverb is used when managing desires. It highlights that intelligence should control impulses."
ఏమడిగితే అదే ముంత,Em adigite ade muntha,"Blind compliance","obedience",General Life Wisdom,"This proverb is used when someone agrees without thinking. It highlights lack of independent thinking."
నిండుకుండ తొణకదు,Nindukunda tonakadu,"Full pot doesn’t shake","knowledge, stability",Knowledge & Wisdom,"This proverb is used when describing wise people. It highlights that knowledgeable individuals remain calm and composed."
నూరు నోములు ఒక రంకుతో సరి,Nooru nomulu oka rankutho sari,"One mistake ruins many good deeds","morality",Dharma & Morality,"This proverb is used when someone makes a serious mistake. It highlights how one bad action can outweigh many good ones."
మంచం ఉన్నంత వరకు కాళ్లు చాచుకో,Mancham unnanta varaku kaallu caacuko,"Live within limits","moderation",General Life Wisdom,"This proverb is used when advising practical living. It highlights staying within one’s means."
కుండ పగిలితేనే దాని విలువ తెలుస్తుంది,Kunda pagilitey dani viluva telustundi,"Value known after loss","value",Greed & Loss,"This proverb is used when something is lost. It highlights that value is often realized only after loss."
"పాతాళం లోతు పెట్టిన, పాతర పోదు","Paataalam lotu pettina paatara podu","Greed cannot be satisfied","greed",Hard Work & Success,"This proverb is used when someone is never satisfied. It highlights endless desire."
ఎంత చెట్టుకు అంత గాలి,Entha chettuku antha gaali,"Bigger position brings bigger challenges","challenge",General Life Wisdom,"This proverb is used when responsibilities increase with growth. It highlights that higher status brings greater challenges and pressure."
చేతులు కాలాక ఆకులు పట్టుకున్నట్లు,Chetulu kaalaka aakule pattukunnatlu,"Trying after it is too late","regret, delay",General Life Wisdom,"This proverb is used when someone reacts after damage is done. It highlights that actions taken too late are useless."
"పరిగెత్తి పాలు తాగే కంటే, నిలబడి నీళ్లు తాగడం మేలు","Parigetti paalu taage kante nilabadi neellu thaagadam melu","Better steady than rushed","patience",Peace & Patience,"This proverb is used when advising patience. It highlights that slow and steady actions are better than risky haste."
అప్పు చేసి పప్పు కూడు,Appu chesi pappu koodu,"Borrowing for comfort leads to burden","debt",General Life Wisdom,"This proverb is used when someone lives beyond their means. It highlights that borrowing for comfort leads to future problems."
ఆదిలోనే హంసపాదు,Aadilo ne hansapaadu,"Bad start leads to problems","early mistake",General Life Wisdom,"This proverb is used when something goes wrong from the beginning. It highlights the importance of a good start."
కుడి ఎడమైతే పోయేది లేదు,Kudi edamaite poyedi ledu,"Luck keeps things safe","luck",General Life Wisdom,"This proverb is used when situations turn out fine due to fortune. It highlights the role of luck in avoiding loss."
దానం చేసిన ఆవు పళ్ళు లెక్కపెట్టినట్లు,Daana chesina aavu pallu lekkapettinatlu,"Finding faults in gifts","ingratitude",General Life Wisdom,"This proverb is used when someone criticizes what is given freely. It highlights ungrateful behavior."
నక్కకు స్వర్గం తెలిసినట్లు,Nakkaku swargam telisinatlu,"Unworthy cannot appreciate","ignorance",General Life Wisdom,"This proverb is used when someone fails to understand value. It highlights lack of awareness."
కమలా పండు కనకము కంటే మేలు,Kamala pandu kanakamu kante melu,"Health is better than wealth","health, value",General Life Wisdom,"This proverb is used when comparing priorities. It highlights that health is more valuable than wealth."
తా చెడ్డ కోతి వనమెల్ల చేరచిందట,Taa chedda kothi vanamella cherachindata,"One bad person spoils all","bad influence",General Life Wisdom,"This proverb is used when one person negatively affects a group. It highlights harmful influence."
పెద్దవారి మాట చద్ది అన్నం,Peddavari maata chaddi annam,"Elders’ advice is valuable","wisdom",Knowledge & Wisdom,"This proverb is used when valuing elders' advice. It highlights that their words are useful and nourishing."
అందానికి కొన్న సొమ్ము అక్కరకు పనికొస్తుంది,Andaniki konna sommu akkaraku panikostundi,"Investment becomes useful later","investment",General Life Wisdom,"This proverb is used when spending wisely. It highlights that proper investment becomes helpful in the future."
బాఠికుంటే బలూసాకు తినవచ్చు,Bathikunte balusaaku tinavachhu,"Prepared people manage anything","preparedness",Truth & Honesty,"This proverb is used when someone adapts to situations. It highlights resilience and readiness."
చెట్టు నాటిందే నీడ ఇస్తుంది,Chettu naatinde needa isthundi,"Effort gives results","effort",Hard Work & Success,"This proverb is used when someone benefits from prior effort. It highlights cause and effect."
అరిచే నక్క కరచదు,Ariche nakka karachadu,"Those who shout don’t act","threat",General Life Wisdom,"This proverb is used when someone makes loud claims. It highlights lack of real action."
ఆవు పాలను ఆవే తాగింది,Aavu paalanu aave thaagindi,"Using one’s own resources is natural","obvious",General Life Wisdom,"This proverb is used when something obvious happens. It highlights natural behavior."
తొందరపాటు పనికిరాదు,Thondarapaatu panikiraadu,"Haste leads to mistakes","patience",Peace & Patience,"This proverb is used when someone rushes tasks. It highlights the importance of patience."
చుక్క చూసి పడవ తొక్కకూడదు,Chukka choosi padava thokkakoodadu,"Don’t act without knowledge","planning",Knowledge & Wisdom,"This proverb is used when advising preparation. It highlights that decisions need proper understanding."
వాన వచ్చేగానీ మేఘాలు కదలవు,Vana vacchegani meghaalu kadalavu,"Signs appear before events","signs",General Life Wisdom,"This proverb is used when predicting events. It highlights that outcomes show early indications."
లోతు నీళ్లు మోసమవు,Lothu neellu mosamavu,"Deep people stay calm","depth",Peace & Patience,"This proverb is used when describing mature people. It highlights calmness and depth."
చెయ్యనివాడి చెయ్యి దెబ్బ తినదు,Cheyyanivaadi cheyyi debba thinadu,"No action no risk","risk",Hard Work & Success,"This proverb is used when avoiding work. It highlights that without action there is no gain or loss."
పులికి పులి పిల్లే,Puliki puli pille,"Children inherit traits","heredity",General Life Wisdom,"This proverb is used when children resemble parents. It highlights inherited qualities."
కాగితపు పులి,Kaagitapu puli,"Looks strong but is weak","fake strength",General Life Wisdom,"This proverb is used when someone appears powerful but isn’t. It highlights false appearance."
పోయిన పాలు తిరిగి రావు,Poyina paalu thirigi raavu,"Lost things don’t return","loss",Greed & Loss,"This proverb is used when something is permanently lost. It highlights irreversibility."
గాడిదకూ గజ రాజ్యం వచ్చినట్లే,Gadidakuu gaja raajyam vachinatle,"Power to the unfit causes problems","unworthy",General Life Wisdom,"This proverb is used when responsibility is given to an incapable person. It highlights the mismatch between role and ability."
చెట్టు దగ్గరికి పోతేనే నీడ ఇస్తుంది,Chettu daggariki potene needa isthundi,"Benefits come only when you act","action, effort",Hard Work & Success,"This proverb is used when someone expects results without effort. It highlights that benefits come only when you take initiative."
నిప్పు ఉంటేనే పొగ,Nippu untetene poga,"Every effect has a cause","cause",General Life Wisdom,"This proverb is used when something happens without visible reason. It highlights that every situation has a hidden cause."
వాడిపోయిన ఆకు తిరిగి మొలవదు,Vaadipoyina aaku thirigi molavadu,"Some things cannot be restored","loss",Truth & Honesty,"This proverb is used when something is permanently lost. It highlights irreversibility."
ఒంటెకి ఒక్క చూపే చాలు,Onteki okka choope chaalu,"Smart people understand quickly","intelligence",General Life Wisdom,"This proverb is used when someone grasps things quickly. It highlights sharp understanding."
గోడ మీద నలుపు పులి,Goda meeda nalupu puli,"Imaginary or impossible thing","impossible",General Life Wisdom,"This proverb is used when describing unrealistic ideas. It highlights impossibility."
పులి వచ్చిందంటే పిల్లి పారిపోదు,Puli vachindante pilli paaripodu,"Brave don’t fear easily","courage",General Life Wisdom,"This proverb is used when someone faces danger confidently. It highlights bravery."
ఉప్పు ఎక్కువైతే పులుసు చెడిపోతుంది,Uppu ekkuvaite pulusu chedipotundi,"Too much ruins everything","balance",General Life Wisdom,"This proverb is used when something exceeds limits. It highlights moderation."
ఆవేశం మంచిది కాదు,Aavesham manchidi kaadu,"Anger is harmful","anger",General Life Wisdom,"This proverb is used when someone acts emotionally. It highlights the negative effects of anger."
గుడ్డి ముందు దీపం వేసినా వెలుగు కనిపించదు,Guddi mundu deepam vesina velugu kanipinchadu,"Knowledge is useless to the ignorant","ignorance",Knowledge & Wisdom,"This proverb is used when someone refuses to understand. It highlights that knowledge has no effect on the unwilling."
చీమ వెంట పాము,Cheema venta paamu,"Small actions lead to big trouble","consequences",General Life Wisdom,"This proverb is used when minor issues escalate. It highlights consequences of small actions."
కాలం అన్నదే పెద్దది,Kaalam annade peddadi,"Time is powerful","time",General Life Wisdom,"This proverb is used when emphasizing timing. It highlights that time controls outcomes."
పిల్లి చూసి ఎలుక ఏడ్చినట్టు,Pilli choosi eluka yedchinnattu,"Fear after seeing danger","fear",General Life Wisdom,"This proverb is used when someone reacts after danger appears. It highlights delayed realization."
చేతికి అందని మామిడి,Chetiki andani mamidi,"Desiring unreachable things","desire",Greed & Loss,"This proverb is used when someone wants what they cannot have. It highlights unrealistic desire."
నాన్న కష్టం బిడ్డ భుజం,Nanna kashtam bidda bhujam,"Children benefit from parents’ effort","inheritance",Hard Work & Success,"This proverb is used when children gain from parents’ work. It highlights inherited benefits."
వాన పడకముందే మేఘాలు వస్తాయి,Vana padakamundey meghaalu vastayi,"Signs appear before events","signs",General Life Wisdom,"This proverb is used when predicting outcomes. It highlights early indicators."
చీమ కుట్టినట్టు నొప్పి,Cheema kuttinattu noppi,"Small but sharp pain","pain",General Life Wisdom,"This proverb is used when describing minor discomfort. It highlights sharp but small impact."
అద్దంలో కనిపించింది నిజం కాదు,Addamlo kanipinchindhi nijam kaadu,"Appearance can deceive","appearance",Truth & Honesty,"This proverb is used when judging by looks. It highlights that appearances can be misleading."
ఆకలి అంటే అన్నం విలువ,Aakali ante annam viluva,"Need defines value","value",General Life Wisdom,"This proverb is used when something is appreciated only when needed. It highlights importance of necessity."
పొట్ట నిండితే మనసు నిండుతుంది,Potta nindite manasu nindutundi,"Basic needs bring satisfaction","needs",General Life Wisdom,"This proverb is used when discussing satisfaction. It highlights that basic needs bring peace."
అదృష్టం ఉన్నవాడికి అడ్డంకులు ఉండవు,Adrustam unna vaadiki addankulu undavu,"Luck removes obstacles","luck",Hard Work & Success,"This proverb is used when success comes easily. It highlights the role of fortune."
దొరికిన దానికే విలువ,Dorikina daanike viluva,"Value what you have","value",General Life Wisdom,"This proverb is used when appreciating available things. It highlights contentment."
మంచి చేయి – మంచి ఫలితం,Manchi cheyi – manchi phalitham,"Good deeds bring good results","karma",General Life Wisdom,"This proverb is used when encouraging good actions. It highlights positive outcomes."
నేలపాలు చేసినట్టు,Nelapaalu chesinattu,"Complete waste","waste",Greed & Loss,"This proverb is used when something is entirely wasted. It highlights loss."
గాలి లేకుండా ఆకులు కదవవు,Gaali lekunda aakulu kadavavu,"Nothing happens without cause","cause",General Life Wisdom,"This proverb is used when explaining reasons. It highlights cause-effect."
మూకలో రారాజు,Mookalo raaraju,"Leader emerges in group","leadership",General Life Wisdom,"This proverb is used when someone stands out in a group. It highlights leadership."
ఉంచిన చోటు ఉగ్గు,Unchina chotu ugghu,"Neglect causes trouble","neglect",General Life Wisdom,"This proverb is used when something is ignored. It highlights consequences of neglect."
పులి నలుపు పోదు,Puli nalupu podu,"Nature doesn’t change","nature",General Life Wisdom,"This proverb is used when someone tries to change inherent traits. It highlights permanence of nature."
ఆవు ఎక్కడ కట్టినా పేడ అక్కడే,Aavu ekkada kattina peda akkadeye,"People behave same everywhere","habit",General Life Wisdom,"This proverb is used when behavior remains unchanged. It highlights consistent nature."
తగ్గిన కుందేలు తాటలో పడదు,Taggina kundelu taatalo padadu,"Smart avoid danger","caution",General Life Wisdom,"This proverb is used when someone avoids risks wisely. It highlights smart decisions."
చెప్పినట్లు చేసే వారు తక్కువ,Cheppinatlu chese varu takkuva,"Few follow advice","advice",General Life Wisdom,"This proverb is used when people ignore guidance. It highlights behavior gap."
నిద్ర లేని ఎద్దు రైతుకి శత్రువు,Nidra leni eddhu rayituki satruvu,"Lazy helpers harm","laziness",General Life Wisdom,"This proverb is used when unreliable people cause trouble. It highlights harm from laziness."
చెవుల్లో విన్నది మనసులో నిలుస్తుంది,Chevullo vinnadi manasulo nilustundi,"What you hear stays","memory",Knowledge & Wisdom,"This proverb is used when learning through listening. It highlights memory retention."
గుంట తవ్వితేనే నీళ్లు,Gunta tavvite neellu,"Effort gives results","effort",Hard Work & Success,"This proverb is used when effort is needed for results. It highlights action-reward."
తిన్న గుఱ్ఱం మందు తాగదు,Tinna gurram mandu tagadu,"Satisfied don’t crave","satisfaction",Greed & Loss,"This proverb is used when needs are fulfilled. It highlights contentment."
నవ్వే వారితోనే నీడ,Navve varitolone needa,"Stay with positive people","relationships",General Life Wisdom,"This proverb is used when choosing company. It highlights importance of positive relationships."
మంచి మాటకు వెండిమూల్యం,Manchi maataku vendi moolyam,"Good words are valuable","kindness, speech",General Life Wisdom,"This proverb is used when emphasizing kind communication. It highlights that good words are precious and can positively influence others."
అదుపు లేని నోరు ప్రమాదం,Adupu leni noru pramadam,"Loose talk is dangerous","speech, caution",General Life Wisdom,"This proverb is used when someone speaks without control. It highlights that careless speech can lead to serious problems."
దీపం ఉన్న చోటే చీకటి,Deepam unna chote cheekati,"Problems exist even in good places","balance, reality",General Life Wisdom,"This proverb is used when imperfections exist in good situations. It highlights that no place or situation is completely perfect."
గిన్నె నిండితేనే పొంగుతుంది,Ginne ninditene pongutundi,"Pressure reveals true nature","pressure, behavior",General Life Wisdom,"This proverb is used when someone shows their true nature under pressure. It highlights how situations reveal real character."
తూటాకు లేని తూటా రాదు,Tootaku leni toota raadu,"No effect without cause","cause, consequence",General Life Wisdom,"This proverb is used when explaining outcomes. It highlights that every result has a reason behind it."
ఒంటరిగా నడిచే వాడే ముందుకు,Ontariga nadiche vaade munduku,"Independent people progress","independence, growth",General Life Wisdom,"This proverb is used when encouraging self-reliance. It highlights that independent thinking leads to progress."
కొత్తవాడు రాగానే రొట్టెలు,Kottavadu raganey rottelu,"People show off to newcomers","showoff, behavior",General Life Wisdom,"This proverb is used when people try to impress others. It highlights behavior of showing off unnecessarily."
కేక విన్నా కేక విన్నట్టే,Kek vinna kek vinnatte,"Ignoring truth doesn’t change it","ignorance",Truth & Honesty,"This proverb is used when someone ignores reality. It highlights that truth remains unchanged even if ignored."
నెత్తికెక్కిన వాడు దిగడు,Netti kekkina vaadu digadu,"Arrogant people don’t change","arrogance",General Life Wisdom,"This proverb is used when someone becomes arrogant. It highlights stubborn ego and lack of change."
చేతిలో ఉన్న పక్షి మంచిది,Chetillo unna pakshi manchidi,"What you have is valuable","value",General Life Wisdom,"This proverb is used when advising contentment. It highlights that what you already have is more valuable than uncertain gains."
మంచుకొరకు మంచు కరుగదు,Manchukoraku manchu karugadu,"Some things don’t change","unchangeable",Truth & Honesty,"This proverb is used when something remains unaffected. It highlights permanence of certain truths."
ఎద్దు ముందు చప్పట్లు,Eddhu mundu chappatlu,"Effort wasted on the wrong target","waste, effort",Hard Work & Success,"This proverb is used when effort is useless. It highlights wasted actions."
పులి పంజా దాని సొంతం,Puli panja dani sontam,"Strength belongs to the strong","strength",General Life Wisdom,"This proverb is used when recognizing capability. It highlights natural strength and ownership."
నాయనా అబ్బాయి పెళ్ళి,Naayana abbayi pelli,"Big responsibilities need planning","responsibility",General Life Wisdom,"This proverb is used when handling major tasks. It highlights need for preparation."
వాన వచ్చిన తర్వాత గొడుగేంటి,Vana vachinatarvata godugu enti,"Late help is useless","timing",General Life Wisdom,"This proverb is used when help comes too late. It highlights importance of timing."
దొంగకి పగ తగదు,Dongaki paga tagadu,"Wrongdoers don’t accept blame","crime",General Life Wisdom,"This proverb is used when someone avoids responsibility. It highlights behavior of wrongdoers."
పెద్దవాడి మాటకు బంగారం విలువ,Peddavadi maataku bangaram viluva,"Elders’ advice is precious","elders, wisdom",Knowledge & Wisdom,"This proverb is used when valuing elders. It highlights importance of their experience."
తీగలేలు తీసిన పాము,Teegalelu teesina paamu,"Weak enemies can still be dangerous","danger, deception",Deception & Hypocrisy,"This proverb is used when underestimating enemies. It highlights hidden danger."
కుండలో ఉన్నంతే బయటకి,Kundalo unnante bayataki,"Inner nature reflects outside","nature",General Life Wisdom,"This proverb is used when behavior reflects character. It highlights internal traits."
గాడిదకి పూలదండ,Gadidaki poola danda,"Value wasted on unworthy","unworthy",General Life Wisdom,"This proverb is used when something valuable is given to the wrong person. It highlights mismatch."
గోరంత చీకటి గోపురం,Goranta cheekati gopuram,"Small problem looks big","fear, exaggeration",General Life Wisdom,"This proverb is used when people exaggerate issues. It highlights perception."
పండు పడి రాలినదే మిఠాయి,Pandu padi raalinade mithayi,"Time makes things better","patience",Peace & Patience,"This proverb is used when waiting is needed. It highlights importance of timing."
నది దాటాక పడవ ముంచడం,Nadi dataaka padava munchadam,"Using and abandoning others","betrayal",General Life Wisdom,"This proverb is used when someone is used and then ignored. It highlights selfish behavior."
చీమ జోలపాడినా పాముకి నిద్రపట్టదు,Cheema jolapadina paamuki nidrapattadu,"Enemies cannot be pacified easily","enemy",General Life Wisdom,"This proverb is used when dealing with enemies. It highlights that they cannot be easily convinced."
పులి పడుకున్నా పులి,Puli padukunna puli,"Strong people remain strong","strength, nature",General Life Wisdom,"This proverb is used when someone underestimates a powerful person. It highlights that true strength remains even in a passive state."
ఏడ్చే పిల్లకి పాలే ఎక్కువ,Edche pillaki paale ekkuva,"Demanding gets more attention","demand, attention",General Life Wisdom,"This proverb is used when someone gains by expressing their needs loudly. It highlights how assertiveness often brings results."
గుట్టలో దాచిన గింజ,Guttalo daachina ginja,"Hidden truth comes out","truth",Truth & Honesty,"This proverb is used when something is kept secret. It highlights that hidden truths eventually come to light."
మనిషికి మాటే ముఖ్యము,Manishiki maate mukhyam,"A person is known by their word","integrity",Truth & Honesty,"This proverb is used when emphasizing honesty and commitment. It highlights that a person’s value lies in their word."
అద్దానికి అద్దమే కనిపిస్తుంది,Addaniki addame kanipistundi,"You see your own reflection","perception",General Life Wisdom,"This proverb is used when judging others. It highlights that people often see their own traits in others."
నాటి పొలం నేటి పంట,Naati polam neti pant,"Today’s result comes from past effort","effort",Hard Work & Success,"This proverb is used when results depend on past actions. It highlights cause and effect in effort."
పాముకు పాలు పట్టడం,Paamuku paalu pattadam,"Helping the wrong person","kindness",General Life Wisdom,"This proverb is used when kindness is shown to someone undeserving. It highlights negative consequences of misplaced help."
తేనె తాగితే కాటు మరిచాడు,Tene tagite kaatu marichadu,"Pleasure makes you forget pain","pleasure",Truth & Honesty,"This proverb is used when comfort removes past hardship. It highlights temporary nature of memory."
నీళ్లలో పాలు పోసినట్టే,Neellalo paalu posinatle,"Blending without difference","blend",General Life Wisdom,"This proverb is used when things mix seamlessly. It highlights similarity or unity."
తూలం చూసి మిఠాయి,Thoolam choosi mithayi,"Reward based on measure","fairness",General Life Wisdom,"This proverb is used when outcomes depend on contribution. It highlights fairness and proportion."
చెట్టు కోసి నీడలో కూర్చోడం,Chettu kosi needalo koorchodam,"Destroying your own support","irony",General Life Wisdom,"This proverb is used when someone harms what supports them. It highlights self-destructive behavior."
అర్ధం లేని మాట గాలిలో కలిసిపోతుంది,Ardham leni maata gaalilo kalisipotundi,"Meaningless words vanish","speech",General Life Wisdom,"This proverb is used when someone speaks without purpose. It highlights that empty words have no impact."
అన్నం దొరికితే పులి కూడా పులుసు తాగుతుంది,Annam dorikite puli kuda pulusu tagutundi,"Even strong compromise when needed","survival",General Life Wisdom,"This proverb is used when adapting to situations. It highlights practical compromise."
అంగుళం వదిలితే అడుగు దూరం వెళ్తుంది,Angulam vadilite adugu dooram veltundi,"Small negligence leads to big loss","negligence",General Life Wisdom,"This proverb is used when small mistakes grow. It highlights consequences of carelessness."
అప్పు తీసుకున్నవాడు బానిస,Appu teesukunnavadu baanisa,"Borrower becomes dependent","debt",General Life Wisdom,"This proverb is used when someone relies on loans. It highlights loss of independence."
అతి తిండి కడుపునొప్పి,Ati tindi kadupu noppi,"Excess leads to trouble","excess",General Life Wisdom,"This proverb is used when something is overdone. It highlights moderation."
ఆవు ముందు బహిరంగం,Aavu mundu bahrangam,"Showing off to wrong audience","mismatch",General Life Wisdom,"This proverb is used when effort is wasted on the wrong people. It highlights misplacement."
ఆలోచించి చేసినదే మంచి పని,Aalochinchi chesinade manchi pani,"Thoughtful actions are best","wisdom",Knowledge & Wisdom,"This proverb is used when planning is needed. It highlights importance of thinking before action."
ఒకే తాటి చెట్టు ఎప్పుడూ నీడ ఇవ్వదు,Oke taati chettu eppudu needa ivvadu,"Single source is risky","dependence",General Life Wisdom,"This proverb is used when relying on one option. It highlights risk of dependence."
ఊరూరా ప్రయాణం మంచిదే,Uruura prayanam manchide,"Travel increases knowledge","travel",Knowledge & Wisdom,"This proverb is used when exploring new places. It highlights learning through experience."
ఎండలో నిల్చున్నా బంగారం మెరిసిందే,Endalo nilchunna bangaaram merisinde,"Value remains constant","value",Truth & Honesty,"This proverb is used when true worth remains unchanged. It highlights intrinsic value."
ఎవరు పడితే వాళ్లు రాయి వేస్తారు,Evaru padite vaallu raayi vestaru,"People easily criticize","criticism",General Life Wisdom,"This proverb is used when people judge others quickly. It highlights social criticism."
ఎలుక గింజ దొరికితే పండుగ,Eluka ginja dorikite panduga,"Small gains bring joy","joy",General Life Wisdom,"This proverb is used when appreciating small wins. It highlights satisfaction."
ఏలిన వాడు ఏలుతాడు,Aelina vaadu aelutadu,"Capable people lead","leadership",General Life Wisdom,"This proverb is used when strong individuals rise. It highlights leadership qualities."
ఒంటెకి రెప్ప బరువు,Onteki reppa baruvu,"Easy task for capable","ease",General Life Wisdom,"This proverb is used when something is easy for skilled people. It highlights capability."
కంచె దాటితే కుక్క కూడా కొడుతుంది,Kanche datite kukka kuda kodutundi,"Crossing limits invites trouble","limits",General Life Wisdom,"This proverb is used when boundaries are crossed. It highlights consequences of overstepping."
కన్ను ఉన్నవాడికి మెలకువ అవసరం లేదు,Kannu unnavaadiki melakuva avasaram ledu,"Wise don’t need warnings","wisdom, awareness",Knowledge & Wisdom,"This proverb is used when someone already understands a situation clearly. It highlights that intelligent people do not need repeated guidance."
కనుక్కున్నవాడు దేవుడు,Kanukkunnavaadu devudu,"Problem-solver is great","solutions, intelligence",General Life Wisdom,"This proverb is used when someone finds a solution. It highlights that solving problems is highly valued."
కత్తి మీద సాము,Katti meeda saamu,"A risky situation","risk, danger",General Life Wisdom,"This proverb is used when someone is in a dangerous or unstable situation. It highlights risk and uncertainty."
కష్టం లేక బంగారం లేదు,Kashtam leka bangaram ledu,"No pain no gain","effort, reward",Hard Work & Success,"This proverb is used when emphasizing effort. It highlights that success requires hard work."
కాగితపు పులి,Kaagitapu puli,"Looks strong but is weak","fake strength",Deception & Hypocrisy,"This proverb is used when someone appears powerful but lacks real strength. It highlights false appearance."
కోడి కూయకపోయినా పగలే,Kodi kuuyakapoyina pagale,"Events happen regardless","inevitability",General Life Wisdom,"This proverb is used when something happens naturally. It highlights inevitability."
ఖాళీ చేతులవాడికి మాటే ఎక్కువ,Khaali chetulavaadiki maate ekkuva,"Empty people talk more","talk, behavior",General Life Wisdom,"This proverb is used when someone speaks without action. It highlights lack of substance."
గాడిదకి చందమామ కథలు,Gadidaki chandamama kathalu,"Explaining to wrong person is useless","mismatch",General Life Wisdom,"This proverb is used when explaining something to someone incapable. It highlights futility."
గాలి వచ్చినా దీపం ఆరదే,Gaali vachina deepam aarade,"Strong withstand challenges","strength",Truth & Honesty,"This proverb is used when something remains stable under pressure. It highlights resilience."
గంట మోగినా దేవుడు కదలడు,Ganta mogina devudu kadaladu,"Noise doesn’t change truth","truth",Truth & Honesty,"This proverb is used when people try to force change through noise. It highlights that truth remains unaffected."
చీమల దండు వస్తే పిండి బస్తా ఖాళీ,Cheemala dandaa vaste pindi basta khaali,"Small issues together become big","accumulation",General Life Wisdom,"This proverb is used when many small problems combine. It highlights accumulation leading to major impact."
చేతికందిన పని వెంటనే చేయాలి,Chetikandina pani ventane cheyaali,"Do tasks immediately","discipline, action",General Life Wisdom,"This proverb is used when advising prompt action. It highlights importance of not delaying work."
జింక అడవిలోనే బాగుంటుంది,Jinka adavilo ne baguntundi,"Right environment matters","environment",General Life Wisdom,"This proverb is used when someone thrives in a suitable place. It highlights importance of environment."
టోపీ పెట్టేవాడు ముందు చూస్తాడు,Topi pettevaadu mundu choostadu,"Deceivers plan ahead","deception",Deception & Hypocrisy,"This proverb is used when someone plans manipulation. It highlights cunning behavior."
అతి మితి తేడా,Ati miti teda,"Too much or too little is harmful","balance",General Life Wisdom,"This proverb is used when extremes occur. It highlights importance of balance."
రాయికి రాయి తగిలితేనే మిణుగురు,Rayiki raayi tagiliteney minuguru,"Action creates result","effort",Hard Work & Success,"This proverb is used when effort is needed to create outcomes. It highlights action."
చిన్న పురుగు పెద్ద రంధ్రం చేస్తుంది,Chinna purugu pedda randhram chestundi,"Small causes big damage","small cause",General Life Wisdom,"This proverb is used when small issues escalate. It highlights impact of minor problems."
కొడుకు ఉన్నా కోడలే ఇంటి వెలుగు,Koduku unna kodale inti velugu,"Daughter-in-law brings warmth","family",General Life Wisdom,"This proverb is used in family context. It highlights importance of relationships in maintaining harmony."
విత్తనమే పంట అవుతుంది,Vittaname pantavutundi,"You reap what you sow","karma",General Life Wisdom,"This proverb is used when outcomes depend on actions. It highlights cause and effect."
"అప్పు గొడ్డలి, వడ్డీ గొంతుక","Appu goddali, vaddi gontuka","Debt is dangerous","debt",General Life Wisdom,"This proverb is used when warning about borrowing. It highlights how debt and interest can trap a person."
"ఎడమ చేతితో చేసిన దానం కుడి చేతికి తెలియకూడదు","Charity done with the left hand should not be known to the right hand","Good deeds especially charity should be done quietly without seeking recognition True generosity is selfless and humble","charity kindness humility selflessness giving secrecy generosity","Morality Values Charity","Used when advising someone to help others without expecting appreciation publicity or rewards Emphasizes sincerity over recognition"